Modelo,Accuracy,F1,Precision,Recall
Regresion Logistica,0.7080745341614907,0.7034990791896869,0.7106359987650509,0.7267364572947823
SVM,0.7080745341614907,0.5837046817406613,0.8078231292517006,0.6052675307411101
Arbol Decision,0.7391304347826086,0.7017466478475652,0.7237547892720306,0.6940844134263875
