Modelo,Variables,Accuracy,F1,Precision,Recall
Regresion Logistica,lr=0.01,0.7080745341614907,0.7034990791896869,0.7106359987650509,0.7267364572947823
SVM,C=1,0.8074534161490683,0.7850282120859715,0.7999099099099098,0.7765869059488202
Arbol Decision,state=100;depth=2;leaf=5,0.8012422360248447,0.7827260458839407,0.7878216123499142,0.7788301761382519
