Modelo,Accuracy,F1,Precision,Recall
Regresion Logistica,0.7080745341614907,0.7034990791896869,0.7106359987650509,0.7267364572947823
SVM,0.8074534161490683,0.7850282120859715,0.7999099099099098,0.7765869059488202
Arbol Decision,0.7329192546583851,0.7068636998772071,0.7119245413637937,0.7034729145895646
